"题目ID","内容指纹","训练目标","内容状态","英文自然性","题型及时长","参考答案相关性","训练目标可执行","问题与修改建议","审核者","审核日期","人工结论"
"P1-HOME-1","3b3c88e23c22d92e6d1f8aeef21b5d0685bcb5b25989a11f326464a13f2a93bb","说清住房类型，并补充一个居住细节","ai_draft","","","","","","","","待人工审核"
"P1-HOME-2","575db93b3b141c7e8a56f70d8f102b41216b2b1d8866c45d4053919477d17e82","指出最喜欢的社区特点，并举一个例子","ai_draft","","","","","","","","待人工审核"
"P1-HOME-3","1dc6e1c5a516bbae536b088290eeb95572df452ceb686365ec833b875bafb5ee","介绍一种家乡特色，并说明它为什么特别","ai_draft","","","","","","","","待人工审核"
"P1-HOME-4","5287c175dce05cef9de516b52488ae53b13e76d9503110f1f0d3a5092fc0baf3","对比家乡过去与现在的一项具体变化","ai_draft","","","","","","","","待人工审核"
"P1-HOME-5","5d4966de5d2e0097e95b9130d8bca41713ac57310e10914b3da2c68cc1b23b30","直接回答问题，并补充具体细节","ai_draft","","","","","","","","待人工审核"
"P1-FAMILY-1","ecaab30ea89d8545c3191b129cda6ccf65649deb3225177cacb6949a9a649335","介绍家庭成员，并补充一个人物细节","ai_draft","","","","","","","","待人工审核"
"P1-FAMILY-2","2df7028fbcc5c76f7af8e7538668c2c84c2c3dbdae11299e43ccd9a274c1abf1","介绍最亲近的家人，并说明原因","ai_draft","","","","","","","","待人工审核"
"P1-FAMILY-3","e22a9e4cf82f8716a8fa25440de0af5c12ba17a3afe583a2de6707c72b02b33e","描述一项家庭活动，并补充频率或感受","ai_draft","","","","","","","","待人工审核"
"P1-FAMILY-4","76c852a985ca8f68e97dbe3b00d6c0da78f85d791c4cbfef7d2915695f295020","说明见亲戚的频率，并补充场合或原因","ai_draft","","","","","","","","待人工审核"
"P1-ROUTINE-1","de90ca986d0459782a875181b0815bee6d686552cef798a6f211a3d6b6bf4e3a","介绍忙碌之后的活动，并说出感受","ai_draft","","","","","","","","待人工审核"
"P1-ROUTINE-2","bb19fae2542fc98a6e8933f112413f4eddb44bd99818c3b949baade25671c326","说明早起或晚睡偏好，用一个习惯解释","ai_draft","","","","","","","","待人工审核"
"P1-ROUTINE-3","21265edb69411433403f5c67ae91b83d2c97e5c9c26e063a4dcb2e17aad80881","说清一天最忙的时段，并描述具体任务","ai_draft","","","","","","","","待人工审核"
"P1-ROUTINE-4","b88787436960d02f1d11087dd5f8095e40cf0fbfcd9048d1fcc5dc7d2a453a28","比较周末与工作日的一项作息差别","ai_draft","","","","","","","","待人工审核"
"P1-FOOD-1","acc956c3e7b520ec1b8c57d590f09f5b732af36717835813eba843a96583707d","介绍喜欢的食物类型，并举一道菜的例子","ai_draft","","","","","","","","待人工审核"
"P1-FOOD-2","b0eeef6c3c3ee18ed0e5188f03614ce1361f1190576933ad4cec7db9bc878421","说明在家做饭的频率，并补充一道常做的菜","ai_draft","","","","","","","","待人工审核"
"P1-FOOD-3","728ddce28a2068f8ebf3eb8e927ee2927cb8d1b4226f7ef2e1f6fa3ddd6361e9","对比过去与现在对一种食物的感受","ai_draft","","","","","","","","待人工审核"
"P1-FOOD-4","677fcfa313b836e067ca9a28bebf70c6ed6ce9b3d4fe224dcd2a144bf631ada5","表达在家吃或外出吃的偏好，并给出原因","ai_draft","","","","","","","","待人工审核"
"P1-SHOP-1","1664a97ff6e1af6de2b5aa58f6629d008b62727731b2be5836cad5866fc7c54f","直接回答问题，并补充具体细节","ai_draft","","","","","","","","待人工审核"
"P1-SHOP-2","608e8def7ce8499a33bade67a98547860f3ea034ce34bbf770489839d56cc77e","直接回答问题，并补充具体细节","ai_draft","","","","","","","","待人工审核"
"P1-SHOP-3","67204b1086637f8de74c7df998ca0d4e6d9ef6b8aa4c294ce8e382c3ab16da37","直接回答问题，并补充具体细节","ai_draft","","","","","","","","待人工审核"
"P1-SHOP-4","388d498723f0c319804ecd0c6434ada39431b6bb75e664626f63a76317302db4","直接回答问题，并补充具体细节","ai_draft","","","","","","","","待人工审核"
"P1-SHOP-5","424a96999b18bc2849baa8cb27a1ba3b12b3106c51f583f1a165c523fb4299a2","直接回答问题，并补充具体细节","ai_draft","","","","","","","","待人工审核"
"P1-WEATHER-1","7b3f06a32a540f73f80c20bec9fd63f706a6f5fdca42617cd8ede8e2b38604a0","概括当地天气，并描述一个季节","ai_draft","","","","","","","","待人工审核"
"P1-WEATHER-2","ca04477629d99d6e3fcdf86136c07f6616c07bd63016a8a250bbda785f9849c0","说出最喜欢的季节，并说明原因","ai_draft","","","","","","","","待人工审核"
"P1-WEATHER-3","e588bb48b16dc8ead80fee786aa20991f62e1bf2ab75e4a8fd3953e0ce66810f","描述天气对心情是否有影响，并举例","ai_draft","","","","","","","","待人工审核"
"P1-WEATHER-4","cd64cbb682e2e5313ba53319000580267bca3ef1b856ceef719d050cea4bf390","介绍一项雨天活动，并补充感受","ai_draft","","","","","","","","待人工审核"
"P2-PLACE-3","9462cb122b60e05bd4bd1b6e732684b02e735ec311946e68f55a5f20b0999f86","围绕地点、外观、活动与常去原因组织一段连贯陈述","ai_draft","","","","","","","","待人工审核"
"P3-PLACE-3-1","9067137e282787bad488c00f573fd9b625778ade68a37f08ccdbbc43d56066e2","明确观点，并用原因、对比或例子支撑","ai_draft","","","","","","","","待人工审核"
"P3-PLACE-3-2","adf2318ca2ad6b785df3c832d10211170aea5dd0e5edb21896777b63c63fda31","明确观点，并用原因、对比或例子支撑","ai_draft","","","","","","","","待人工审核"
"P3-PLACE-3-3","cbf3039a8592e2a28637db44bb10b7fa7d5aa9219d4965be70108dd205389c14","明确观点，并用原因、对比或例子支撑","ai_draft","","","","","","","","待人工审核"
